timestamp,heart_rate,distance,hr_zone
2025-05-07 13:56:23,89,0.0,Below Zone 1
2025-05-07 13:56:24,89,0.0,Below Zone 1
2025-05-07 13:56:27,88,0.0,Below Zone 1
2025-05-07 13:56:28,89,0.0,Below Zone 1
2025-05-07 13:56:30,90,0.0,Below Zone 1
2025-05-07 13:56:31,91,0.0,Below Zone 1
2025-05-07 13:56:32,92,0.0,Below Zone 1
2025-05-07 13:56:34,93,0.0,Below Zone 1
2025-05-07 13:56:35,94,0.0,Below Zone 1
2025-05-07 13:56:36,95,0.0,Below Zone 1
2025-05-07 13:56:38,96,0.0,Below Zone 1
2025-05-07 13:56:40,97,0.0,Below Zone 1
2025-05-07 13:56:45,96,0.0,Below Zone 1
2025-05-07 13:56:46,95,0.0,Below Zone 1
2025-05-07 13:56:47,93,0.0,Below Zone 1
2025-05-07 13:56:49,92,0.0,Below Zone 1
2025-05-07 13:56:50,91,0.0,Below Zone 1
2025-05-07 13:56:51,90,0.0,Below Zone 1
2025-05-07 13:56:54,89,0.0,Below Zone 1
2025-05-07 13:57:00,90,0.0,Below Zone 1
2025-05-07 13:57:03,89,0.0,Below Zone 1
2025-05-07 13:57:06,88,0.0,Below Zone 1
2025-05-07 13:57:08,89,0.0,Below Zone 1
2025-05-07 13:57:09,91,0.0,Below Zone 1
2025-05-07 13:57:10,92,0.0,Below Zone 1
2025-05-07 13:57:11,93,0.0,Below Zone 1
2025-05-07 13:57:13,92,0.0,Below Zone 1
2025-05-07 13:57:16,93,0.0,Below Zone 1
2025-05-07 13:57:20,94,0.0,Below Zone 1
2025-05-07 13:57:21,95,0.0,Below Zone 1
2025-05-07 13:57:25,96,0.0,Below Zone 1
2025-05-07 13:57:31,95,0.0,Below Zone 1
2025-05-07 13:57:35,96,0.0,Below Zone 1
2025-05-07 13:57:39,97,0.0,Below Zone 1
2025-05-07 13:57:41,99,0.0,Below Zone 1
2025-05-07 13:57:42,100,0.0,Below Zone 1
2025-05-07 13:57:44,101,0.0,Below Zone 1
2025-05-07 13:57:45,100,0.0,Below Zone 1
2025-05-07 13:57:48,99,0.0,Below Zone 1
2025-05-07 13:57:51,98,0.0,Below Zone 1
2025-05-07 13:57:53,97,0.0,Below Zone 1
2025-05-07 13:57:56,96,0.0,Below Zone 1
2025-05-07 13:57:59,95,0.0,Below Zone 1
2025-05-07 13:58:00,96,0.0,Below Zone 1
2025-05-07 13:58:02,97,0.0,Below Zone 1
2025-05-07 13:58:03,98,0.0,Below Zone 1
2025-05-07 13:58:04,99,0.0,Below Zone 1
2025-05-07 13:58:06,100,0.0,Below Zone 1
2025-05-07 13:58:07,101,0.0,Below Zone 1
2025-05-07 13:58:08,102,0.0,Below Zone 1
2025-05-07 13:58:09,103,0.0,Below Zone 1
2025-05-07 13:58:10,104,0.0,Below Zone 1
2025-05-07 13:58:12,105,0.0,Below Zone 1
2025-05-07 13:58:15,106,0.0,Below Zone 1
2025-05-07 13:58:16,105,0.0,Below Zone 1
2025-05-07 13:58:17,106,0.0,Below Zone 1
2025-05-07 13:58:24,105,0.0,Below Zone 1
2025-05-07 13:58:25,104,0.0,Below Zone 1
2025-05-07 13:58:26,103,0.0,Below Zone 1
2025-05-07 13:58:28,102,0.0,Below Zone 1
2025-05-07 13:58:31,101,0.0,Below Zone 1
2025-05-07 13:58:33,100,0.0,Below Zone 1
2025-05-07 13:58:34,99,0.0,Below Zone 1
2025-05-07 13:58:37,100,0.0,Below Zone 1
2025-05-07 13:58:39,101,0.0,Below Zone 1
2025-05-07 13:58:40,102,0.0,Below Zone 1
2025-05-07 13:58:44,103,0.0,Below Zone 1
2025-05-07 13:58:47,104,0.0,Below Zone 1
2025-05-07 13:58:50,103,0.0,Below Zone 1
2025-05-07 13:58:52,104,0.0,Below Zone 1
2025-05-07 13:58:55,105,0.0,Below Zone 1
2025-05-07 13:58:58,106,0.0,Below Zone 1
2025-05-07 13:59:00,107,0.0,Below Zone 1
2025-05-07 13:59:02,108,0.0,Below Zone 1
2025-05-07 13:59:03,109,0.0,Below Zone 1
2025-05-07 13:59:08,110,0.0,Below Zone 1
2025-05-07 13:59:11,111,0.0,Below Zone 1
2025-05-07 13:59:14,112,0.0,Below Zone 1
2025-05-07 13:59:18,111,0.0,Below Zone 1
2025-05-07 13:59:22,110,0.0,Below Zone 1
2025-05-07 13:59:23,109,0.0,Below Zone 1
2025-05-07 13:59:24,108,0.0,Below Zone 1
2025-05-07 13:59:26,107,0.0,Below Zone 1
2025-05-07 13:59:28,108,0.0,Below Zone 1
2025-05-07 13:59:30,107,0.0,Below Zone 1
2025-05-07 13:59:31,109,0.0,Below Zone 1
2025-05-07 13:59:32,108,0.0,Below Zone 1
2025-05-07 13:59:33,109,0.0,Below Zone 1
2025-05-07 13:59:34,108,0.0,Below Zone 1
2025-05-07 13:59:37,107,0.0,Below Zone 1
2025-05-07 13:59:39,106,0.0,Below Zone 1
2025-05-07 13:59:40,105,0.0,Below Zone 1
2025-05-07 13:59:43,104,0.0,Below Zone 1
2025-05-07 13:59:44,103,0.0,Below Zone 1
2025-05-07 13:59:46,104,0.0,Below Zone 1
2025-05-07 13:59:47,103,0.0,Below Zone 1
2025-05-07 13:59:51,102,0.0,Below Zone 1
2025-05-07 13:59:54,101,0.0,Below Zone 1
2025-05-07 13:59:58,100,0.0,Below Zone 1
2025-05-07 14:00:01,99,0.0,Below Zone 1
2025-05-07 14:00:02,98,0.0,Below Zone 1
2025-05-07 14:00:03,97,0.0,Below Zone 1
2025-05-07 14:00:05,96,0.0,Below Zone 1
2025-05-07 14:00:09,97,0.0,Below Zone 1
2025-05-07 14:00:10,96,0.0,Below Zone 1
2025-05-07 14:00:14,95,0.0,Below Zone 1
2025-05-07 14:00:16,94,0.0,Below Zone 1
2025-05-07 14:00:19,93,0.0,Below Zone 1
2025-05-07 14:00:21,92,0.0,Below Zone 1
2025-05-07 14:00:25,91,0.0,Below Zone 1
2025-05-07 14:00:27,92,0.0,Below Zone 1
2025-05-07 14:00:32,93,0.0,Below Zone 1
2025-05-07 14:00:34,94,0.0,Below Zone 1
2025-05-07 14:00:35,94,0.0,Below Zone 1
2025-05-07 14:00:37,95,0.0,Below Zone 1
2025-05-07 14:00:39,96,0.0,Below Zone 1
2025-05-07 14:00:42,97,0.0,Below Zone 1
2025-05-07 14:00:43,98,0.0,Below Zone 1
2025-05-07 14:00:45,99,0.0,Below Zone 1
2025-05-07 14:00:48,100,0.0,Below Zone 1
2025-05-07 14:00:55,101,0.0,Below Zone 1
2025-05-07 14:01:06,100,0.0,Below Zone 1
2025-05-07 14:01:08,99,0.0,Below Zone 1
2025-05-07 14:01:09,98,0.0,Below Zone 1
2025-05-07 14:01:11,97,0.0,Below Zone 1
2025-05-07 14:01:14,98,0.0,Below Zone 1
2025-05-07 14:01:19,97,0.0,Below Zone 1
2025-05-07 14:01:20,96,0.0,Below Zone 1
2025-05-07 14:01:23,95,0.0,Below Zone 1
2025-05-07 14:01:35,94,0.0,Below Zone 1
2025-05-07 14:01:44,93,0.0,Below Zone 1
2025-05-07 14:01:54,92,0.0,Below Zone 1
2025-05-07 14:01:55,91,0.0,Below Zone 1
2025-05-07 14:01:56,90,0.0,Below Zone 1
2025-05-07 14:01:58,91,0.0,Below Zone 1
2025-05-07 14:02:03,90,0.0,Below Zone 1
2025-05-07 14:02:06,91,0.0,Below Zone 1
2025-05-07 14:02:08,92,0.0,Below Zone 1
2025-05-07 14:02:11,93,0.0,Below Zone 1
2025-05-07 14:02:13,92,0.0,Below Zone 1
2025-05-07 14:02:32,91,0.0,Below Zone 1
2025-05-07 14:02:39,92,0.0,Below Zone 1
2025-05-07 14:02:44,93,0.0,Below Zone 1
2025-05-07 14:02:46,92,0.0,Below Zone 1
2025-05-07 14:02:49,91,0.0,Below Zone 1
2025-05-07 14:02:51,92,0.0,Below Zone 1
2025-05-07 14:02:52,91,0.0,Below Zone 1
2025-05-07 14:02:53,92,0.0,Below Zone 1
2025-05-07 14:02:58,93,0.0,Below Zone 1
2025-05-07 14:03:00,94,0.0,Below Zone 1
2025-05-07 14:03:01,95,0.0,Below Zone 1
2025-05-07 14:03:02,96,0.0,Below Zone 1
2025-05-07 14:03:05,97,0.0,Below Zone 1
2025-05-07 14:03:06,98,0.0,Below Zone 1
2025-05-07 14:03:09,99,0.0,Below Zone 1
2025-05-07 14:03:12,100,0.0,Below Zone 1
2025-05-07 14:03:15,100,0.0,Below Zone 1
2025-05-07 14:03:16,101,0.0,Below Zone 1
2025-05-07 14:03:22,102,0.0,Below Zone 1
2025-05-07 14:03:27,103,0.0,Below Zone 1
2025-05-07 14:03:32,102,0.0,Below Zone 1
2025-05-07 14:03:35,101,0.0,Below Zone 1
2025-05-07 14:03:37,100,0.0,Below Zone 1
2025-05-07 14:03:39,99,0.0,Below Zone 1
2025-05-07 14:03:44,98,0.0,Below Zone 1
2025-05-07 14:03:45,97,0.0,Below Zone 1
2025-05-07 14:03:47,96,0.0,Below Zone 1
2025-05-07 14:03:51,97,0.0,Below Zone 1
2025-05-07 14:03:59,98,0.0,Below Zone 1
2025-05-07 14:04:03,99,0.0,Below Zone 1
2025-05-07 14:04:06,98,0.0,Below Zone 1
2025-05-07 14:04:14,99,0.0,Below Zone 1
2025-05-07 14:04:17,100,0.0,Below Zone 1
2025-05-07 14:04:18,101,0.0,Below Zone 1
2025-05-07 14:04:21,102,0.0,Below Zone 1
2025-05-07 14:04:23,103,0.0,Below Zone 1
2025-05-07 14:04:24,104,0.0,Below Zone 1
2025-05-07 14:04:25,103,0.0,Below Zone 1
2025-05-07 14:04:28,102,0.0,Below Zone 1
2025-05-07 14:04:29,101,0.0,Below Zone 1
2025-05-07 14:04:32,100,0.0,Below Zone 1
2025-05-07 14:04:34,99,0.0,Below Zone 1
2025-05-07 14:04:36,97,0.0,Below Zone 1
2025-05-07 14:04:37,96,0.0,Below Zone 1
2025-05-07 14:04:38,95,0.0,Below Zone 1
2025-05-07 14:04:40,94,0.0,Below Zone 1
2025-05-07 14:04:42,93,0.0,Below Zone 1
2025-05-07 14:04:43,92,0.0,Below Zone 1
2025-05-07 14:04:46,93,0.0,Below Zone 1
2025-05-07 14:04:47,92,0.0,Below Zone 1
2025-05-07 14:04:51,93,0.0,Below Zone 1
2025-05-07 14:04:54,92,0.0,Below Zone 1
2025-05-07 14:04:55,93,0.0,Below Zone 1
2025-05-07 14:04:56,92,0.0,Below Zone 1
2025-05-07 14:05:00,91,0.0,Below Zone 1
2025-05-07 14:05:03,92,0.0,Below Zone 1
2025-05-07 14:05:11,91,0.0,Below Zone 1
2025-05-07 14:05:13,90,0.0,Below Zone 1
2025-05-07 14:05:15,89,0.0,Below Zone 1
2025-05-07 14:05:16,90,0.0,Below Zone 1
2025-05-07 14:05:17,91,0.0,Below Zone 1
2025-05-07 14:05:18,92,0.0,Below Zone 1
2025-05-07 14:05:19,93,0.0,Below Zone 1
2025-05-07 14:05:20,94,0.0,Below Zone 1
2025-05-07 14:05:21,95,0.0,Below Zone 1
2025-05-07 14:05:23,96,0.0,Below Zone 1
2025-05-07 14:05:25,97,0.0,Below Zone 1
2025-05-07 14:05:32,98,0.0,Below Zone 1
2025-05-07 14:05:40,97,0.0,Below Zone 1
2025-05-07 14:05:42,96,0.0,Below Zone 1
2025-05-07 14:05:44,95,0.0,Below Zone 1
2025-05-07 14:05:48,96,0.0,Below Zone 1
2025-05-07 14:05:49,97,0.0,Below Zone 1
2025-05-07 14:05:58,98,0.0,Below Zone 1
2025-05-07 14:06:00,99,0.0,Below Zone 1
2025-05-07 14:06:03,100,0.0,Below Zone 1
2025-05-07 14:06:07,101,0.0,Below Zone 1
2025-05-07 14:06:11,102,0.0,Below Zone 1
2025-05-07 14:06:21,103,0.0,Below Zone 1
2025-05-07 14:06:25,104,0.0,Below Zone 1
2025-05-07 14:06:28,105,0.0,Below Zone 1
2025-05-07 14:06:30,104,0.0,Below Zone 1
2025-05-07 14:06:44,105,0.0,Below Zone 1
2025-05-07 14:06:49,106,0.0,Below Zone 1
2025-05-07 14:07:00,107,0.0,Below Zone 1
2025-05-07 14:07:03,106,0.0,Below Zone 1
2025-05-07 14:07:05,105,0.0,Below Zone 1
2025-05-07 14:07:06,104,0.0,Below Zone 1
2025-05-07 14:07:07,102,0.0,Below Zone 1
2025-05-07 14:07:08,100,0.0,Below Zone 1
2025-05-07 14:07:10,99,0.0,Below Zone 1
2025-05-07 14:07:11,98,0.0,Below Zone 1
2025-05-07 14:07:16,97,0.0,Below Zone 1
2025-05-07 14:07:17,96,0.0,Below Zone 1
2025-05-07 14:07:19,95,0.0,Below Zone 1
2025-05-07 14:07:20,94,0.0,Below Zone 1
2025-05-07 14:07:21,93,0.0,Below Zone 1
2025-05-07 14:07:22,92,0.0,Below Zone 1
2025-05-07 14:07:24,91,0.0,Below Zone 1
2025-05-07 14:07:26,92,0.0,Below Zone 1
2025-05-07 14:07:27,91,0.0,Below Zone 1
2025-05-07 14:07:30,90,0.0,Below Zone 1
2025-05-07 14:07:31,91,0.0,Below Zone 1
2025-05-07 14:07:36,92,0.0,Below Zone 1
2025-05-07 14:07:37,93,0.0,Below Zone 1
2025-05-07 14:07:38,94,0.0,Below Zone 1
2025-05-07 14:07:39,95,0.0,Below Zone 1
2025-05-07 14:07:40,96,0.0,Below Zone 1
2025-05-07 14:07:41,97,0.0,Below Zone 1
2025-05-07 14:07:43,98,0.0,Below Zone 1
2025-05-07 14:07:44,100,0.0,Below Zone 1
2025-05-07 14:07:45,101,0.0,Below Zone 1
2025-05-07 14:07:46,103,0.0,Below Zone 1
2025-05-07 14:07:48,104,0.0,Below Zone 1
2025-05-07 14:07:50,105,0.0,Below Zone 1
2025-05-07 14:07:53,106,0.0,Below Zone 1
2025-05-07 14:07:54,107,0.0,Below Zone 1
2025-05-07 14:07:57,106,0.0,Below Zone 1
2025-05-07 14:08:07,107,0.0,Below Zone 1
2025-05-07 14:08:09,108,0.0,Below Zone 1
2025-05-07 14:08:11,109,0.0,Below Zone 1
2025-05-07 14:08:13,110,0.0,Below Zone 1
2025-05-07 14:08:14,111,0.0,Below Zone 1
2025-05-07 14:08:17,112,0.0,Below Zone 1
2025-05-07 14:08:21,113,0.0,Below Zone 1
2025-05-07 14:08:23,114,0.0,Below Zone 1
2025-05-07 14:08:27,115,0.0,Below Zone 1
2025-05-07 14:08:28,115,0.0,Below Zone 1
2025-05-07 14:08:31,116,0.0,Below Zone 1
2025-05-07 14:08:33,117,0.0,Below Zone 1
2025-05-07 14:08:35,118,0.0,Below Zone 1
2025-05-07 14:08:37,117,0.0,Below Zone 1
2025-05-07 14:08:42,116,0.0,Below Zone 1
2025-05-07 14:08:45,115,0.0,Below Zone 1
2025-05-07 14:08:47,114,0.0,Below Zone 1
2025-05-07 14:08:48,113,0.0,Below Zone 1
2025-05-07 14:08:49,112,0.0,Below Zone 1
2025-05-07 14:08:51,111,0.0,Below Zone 1
2025-05-07 14:08:53,110,0.0,Below Zone 1
2025-05-07 14:08:55,109,0.0,Below Zone 1
2025-05-07 14:08:57,110,0.0,Below Zone 1
2025-05-07 14:09:12,111,0.0,Below Zone 1
2025-05-07 14:09:16,110,0.0,Below Zone 1
2025-05-07 14:09:18,108,0.0,Below Zone 1
2025-05-07 14:09:20,107,0.0,Below Zone 1
2025-05-07 14:09:21,106,0.0,Below Zone 1
2025-05-07 14:09:25,105,0.0,Below Zone 1
2025-05-07 14:09:28,104,0.0,Below Zone 1
2025-05-07 14:09:30,103,0.0,Below Zone 1
2025-05-07 14:09:32,102,0.0,Below Zone 1
2025-05-07 14:09:35,101,0.0,Below Zone 1
2025-05-07 14:09:37,100,0.0,Below Zone 1
2025-05-07 14:09:41,99,0.0,Below Zone 1
2025-05-07 14:09:43,98,0.0,Below Zone 1
2025-05-07 14:09:44,97,0.0,Below Zone 1
2025-05-07 14:09:47,96,0.0,Below Zone 1
2025-05-07 14:09:48,95,0.0,Below Zone 1
2025-05-07 14:09:51,94,0.0,Below Zone 1
2025-05-07 14:09:52,93,0.0,Below Zone 1
2025-05-07 14:09:54,94,0.0,Below Zone 1
2025-05-07 14:09:56,95,0.0,Below Zone 1
2025-05-07 14:10:01,96,0.0,Below Zone 1
2025-05-07 14:10:02,95,0.0,Below Zone 1
2025-05-07 14:10:03,95,0.0,Below Zone 1
2025-05-07 14:10:09,96,0.0,Below Zone 1
2025-05-07 14:10:10,95,0.0,Below Zone 1
2025-05-07 14:10:13,96,0.0,Below Zone 1
2025-05-07 14:10:20,95,0.0,Below Zone 1
2025-05-07 14:10:23,94,0.0,Below Zone 1
2025-05-07 14:10:26,93,0.0,Below Zone 1
2025-05-07 14:10:31,92,0.0,Below Zone 1
2025-05-07 14:10:33,91,0.0,Below Zone 1
2025-05-07 14:10:35,90,0.0,Below Zone 1
2025-05-07 14:10:39,89,0.0,Below Zone 1
2025-05-07 14:10:43,88,0.0,Below Zone 1
2025-05-07 14:10:44,89,0.0,Below Zone 1
2025-05-07 14:10:45,91,0.0,Below Zone 1
2025-05-07 14:10:46,92,0.0,Below Zone 1
2025-05-07 14:10:47,93,0.0,Below Zone 1
2025-05-07 14:10:48,94,0.0,Below Zone 1
2025-05-07 14:10:50,95,0.0,Below Zone 1
2025-05-07 14:10:51,96,0.0,Below Zone 1
2025-05-07 14:10:52,97,0.0,Below Zone 1
2025-05-07 14:10:53,98,0.0,Below Zone 1
2025-05-07 14:10:54,100,0.0,Below Zone 1
2025-05-07 14:10:56,101,0.0,Below Zone 1
2025-05-07 14:10:57,100,0.0,Below Zone 1
2025-05-07 14:10:59,99,0.0,Below Zone 1
2025-05-07 14:11:01,100,0.0,Below Zone 1
2025-05-07 14:11:02,101,0.0,Below Zone 1
2025-05-07 14:11:03,102,0.0,Below Zone 1
2025-05-07 14:11:04,103,0.0,Below Zone 1
2025-05-07 14:11:06,104,0.0,Below Zone 1
2025-05-07 14:11:07,103,0.0,Below Zone 1
2025-05-07 14:11:10,102,0.0,Below Zone 1
2025-05-07 14:11:12,101,0.0,Below Zone 1
2025-05-07 14:11:13,100,0.0,Below Zone 1
2025-05-07 14:11:19,101,0.0,Below Zone 1
2025-05-07 14:11:24,102,0.0,Below Zone 1
2025-05-07 14:11:26,103,0.0,Below Zone 1
2025-05-07 14:11:28,104,0.0,Below Zone 1
2025-05-07 14:11:30,103,0.0,Below Zone 1
2025-05-07 14:11:32,102,0.0,Below Zone 1
2025-05-07 14:11:35,103,0.0,Below Zone 1
2025-05-07 14:11:42,103,0.0,Below Zone 1
2025-05-07 14:11:45,102,0.0,Below Zone 1
2025-05-07 14:11:47,101,0.0,Below Zone 1
2025-05-07 14:11:48,100,0.0,Below Zone 1
2025-05-07 14:11:50,98,0.0,Below Zone 1
2025-05-07 14:11:51,97,0.0,Below Zone 1
2025-05-07 14:11:53,95,0.0,Below Zone 1
2025-05-07 14:11:57,96,0.0,Below Zone 1
2025-05-07 14:11:59,95,0.0,Below Zone 1
2025-05-07 14:12:01,94,0.0,Below Zone 1
2025-05-07 14:12:02,93,0.0,Below Zone 1
2025-05-07 14:12:03,92,0.0,Below Zone 1
2025-05-07 14:12:05,91,0.0,Below Zone 1
2025-05-07 14:12:08,92,0.0,Below Zone 1
2025-05-07 14:12:09,91,0.0,Below Zone 1
2025-05-07 14:12:10,92,0.0,Below Zone 1
2025-05-07 14:12:11,91,0.0,Below Zone 1
2025-05-07 14:12:12,92,0.0,Below Zone 1
2025-05-07 14:12:16,93,0.0,Below Zone 1
2025-05-07 14:12:17,94,0.0,Below Zone 1
2025-05-07 14:12:22,95,0.0,Below Zone 1
2025-05-07 14:12:23,94,0.0,Below Zone 1
2025-05-07 14:12:27,95,0.0,Below Zone 1
2025-05-07 14:12:29,94,0.0,Below Zone 1
2025-05-07 14:12:33,93,0.0,Below Zone 1
2025-05-07 14:12:36,92,0.0,Below Zone 1
2025-05-07 14:12:45,91,0.0,Below Zone 1
2025-05-07 14:12:50,90,0.0,Below Zone 1
2025-05-07 14:13:02,91,0.0,Below Zone 1
2025-05-07 14:13:12,90,0.0,Below Zone 1
2025-05-07 14:13:16,91,0.0,Below Zone 1
2025-05-07 14:13:19,89,0.0,Below Zone 1
2025-05-07 14:13:20,88,0.0,Below Zone 1
2025-05-07 14:13:21,87,0.0,Below Zone 1
2025-05-07 14:13:22,86,0.0,Below Zone 1
2025-05-07 14:13:24,85,0.0,Below Zone 1
2025-05-07 14:13:25,86,0.0,Below Zone 1
2025-05-07 14:13:26,87,0.0,Below Zone 1
2025-05-07 14:13:28,88,0.0,Below Zone 1
2025-05-07 14:13:30,89,0.0,Below Zone 1
2025-05-07 14:13:32,88,0.0,Below Zone 1
2025-05-07 14:13:34,87,0.0,Below Zone 1
2025-05-07 14:13:35,86,0.0,Below Zone 1
2025-05-07 14:13:37,85,0.0,Below Zone 1
2025-05-07 14:13:39,84,0.0,Below Zone 1
2025-05-07 14:13:45,83,0.0,Below Zone 1
2025-05-07 14:13:46,84,0.0,Below Zone 1
2025-05-07 14:13:48,85,0.0,Below Zone 1
2025-05-07 14:13:49,86,0.0,Below Zone 1
2025-05-07 14:13:51,87,0.0,Below Zone 1
2025-05-07 14:13:52,88,0.0,Below Zone 1
2025-05-07 14:13:54,89,0.0,Below Zone 1
2025-05-07 14:13:57,90,0.0,Below Zone 1
2025-05-07 14:14:06,91,0.0,Below Zone 1
2025-05-07 14:14:08,92,0.0,Below Zone 1
2025-05-07 14:14:09,91,0.0,Below Zone 1
2025-05-07 14:14:11,90,0.0,Below Zone 1
2025-05-07 14:14:13,89,0.0,Below Zone 1
2025-05-07 14:14:17,90,0.0,Below Zone 1
2025-05-07 14:14:18,91,0.0,Below Zone 1
2025-05-07 14:14:19,92,0.0,Below Zone 1
2025-05-07 14:14:20,93,0.0,Below Zone 1
2025-05-07 14:14:21,95,0.0,Below Zone 1
2025-05-07 14:14:23,96,0.0,Below Zone 1
2025-05-07 14:14:24,97,0.0,Below Zone 1
2025-05-07 14:14:26,98,0.0,Below Zone 1
2025-05-07 14:14:27,99,0.0,Below Zone 1
2025-05-07 14:14:29,100,0.0,Below Zone 1
2025-05-07 14:14:30,101,0.0,Below Zone 1
2025-05-07 14:14:32,102,0.0,Below Zone 1
2025-05-07 14:14:34,103,0.0,Below Zone 1
2025-05-07 14:14:35,104,0.0,Below Zone 1
2025-05-07 14:14:37,105,0.0,Below Zone 1
2025-05-07 14:14:38,106,0.0,Below Zone 1
2025-05-07 14:14:41,107,0.0,Below Zone 1
2025-05-07 14:14:43,108,0.0,Below Zone 1
2025-05-07 14:14:51,107,0.0,Below Zone 1
2025-05-07 14:14:54,106,0.0,Below Zone 1
2025-05-07 14:14:55,105,0.0,Below Zone 1
2025-05-07 14:14:57,104,0.0,Below Zone 1
2025-05-07 14:14:58,103,0.0,Below Zone 1
2025-05-07 14:14:59,102,0.0,Below Zone 1
2025-05-07 14:15:00,101,0.0,Below Zone 1
2025-05-07 14:15:01,100,0.0,Below Zone 1
2025-05-07 14:15:02,98,0.0,Below Zone 1
2025-05-07 14:15:04,97,0.0,Below Zone 1
2025-05-07 14:15:05,96,0.0,Below Zone 1
2025-05-07 14:15:09,97,0.0,Below Zone 1
2025-05-07 14:15:11,98,0.0,Below Zone 1
2025-05-07 14:15:17,99,0.0,Below Zone 1
2025-05-07 14:15:20,100,0.0,Below Zone 1
2025-05-07 14:15:23,101,0.0,Below Zone 1
2025-05-07 14:15:26,102,0.0,Below Zone 1
2025-05-07 14:15:27,103,0.0,Below Zone 1
2025-05-07 14:15:29,104,0.0,Below Zone 1
2025-05-07 14:15:32,105,0.0,Below Zone 1
2025-05-07 14:15:34,106,0.0,Below Zone 1
2025-05-07 14:15:35,107,0.0,Below Zone 1
2025-05-07 14:15:37,108,0.0,Below Zone 1
2025-05-07 14:15:39,107,0.0,Below Zone 1
2025-05-07 14:15:40,108,0.0,Below Zone 1
2025-05-07 14:15:44,107,0.0,Below Zone 1
2025-05-07 14:15:48,106,0.0,Below Zone 1
2025-05-07 14:15:50,105,0.0,Below Zone 1
2025-05-07 14:15:52,103,0.0,Below Zone 1
2025-05-07 14:15:54,101,0.0,Below Zone 1
2025-05-07 14:15:55,100,0.0,Below Zone 1
2025-05-07 14:15:56,98,0.0,Below Zone 1
2025-05-07 14:15:57,97,0.0,Below Zone 1
2025-05-07 14:15:59,96,0.0,Below Zone 1
2025-05-07 14:16:04,97,0.0,Below Zone 1
2025-05-07 14:16:05,96,0.0,Below Zone 1
2025-05-07 14:16:14,97,0.0,Below Zone 1
2025-05-07 14:16:18,98,0.0,Below Zone 1
2025-05-07 14:16:35,99,0.0,Below Zone 1
2025-05-07 14:16:44,100,0.0,Below Zone 1
2025-05-07 14:16:47,101,0.0,Below Zone 1
2025-05-07 14:16:49,100,0.0,Below Zone 1
2025-05-07 14:16:50,101,0.0,Below Zone 1
2025-05-07 14:16:55,102,0.0,Below Zone 1
2025-05-07 14:16:56,103,0.0,Below Zone 1
2025-05-07 14:16:58,104,0.0,Below Zone 1
2025-05-07 14:17:02,105,0.0,Below Zone 1
2025-05-07 14:17:06,106,0.0,Below Zone 1
2025-05-07 14:17:11,107,0.0,Below Zone 1
2025-05-07 14:17:14,108,0.0,Below Zone 1
2025-05-07 14:17:22,109,0.0,Below Zone 1
2025-05-07 14:17:23,108,0.0,Below Zone 1
2025-05-07 14:17:32,109,0.0,Below Zone 1
2025-05-07 14:17:40,108,0.0,Below Zone 1
2025-05-07 14:17:44,109,0.0,Below Zone 1
2025-05-07 14:17:45,108,0.0,Below Zone 1
2025-05-07 14:17:51,109,0.0,Below Zone 1
2025-05-07 14:17:54,110,0.0,Below Zone 1
2025-05-07 14:17:59,109,0.0,Below Zone 1
2025-05-07 14:18:04,110,0.0,Below Zone 1
2025-05-07 14:18:07,111,0.0,Below Zone 1
2025-05-07 14:18:13,110,0.0,Below Zone 1
2025-05-07 14:18:16,109,0.0,Below Zone 1
2025-05-07 14:18:18,110,0.0,Below Zone 1
2025-05-07 14:18:21,111,0.0,Below Zone 1
2025-05-07 14:18:22,110,0.0,Below Zone 1
2025-05-07 14:18:24,109,0.0,Below Zone 1
2025-05-07 14:18:25,108,0.0,Below Zone 1
2025-05-07 14:18:27,106,0.0,Below Zone 1
2025-05-07 14:18:29,105,0.0,Below Zone 1
2025-05-07 14:18:32,106,0.0,Below Zone 1
2025-05-07 14:18:36,107,0.0,Below Zone 1
2025-05-07 14:18:38,108,0.0,Below Zone 1
2025-05-07 14:18:42,109,0.0,Below Zone 1
2025-05-07 14:18:43,110,0.0,Below Zone 1
2025-05-07 14:18:45,111,0.0,Below Zone 1
2025-05-07 14:18:47,112,0.0,Below Zone 1
2025-05-07 14:18:48,113,0.0,Below Zone 1
2025-05-07 14:18:49,114,0.0,Below Zone 1
2025-05-07 14:18:50,115,0.0,Below Zone 1
2025-05-07 14:18:53,114,0.0,Below Zone 1
2025-05-07 14:18:54,113,0.0,Below Zone 1
2025-05-07 14:18:55,112,0.0,Below Zone 1
2025-05-07 14:18:56,111,0.0,Below Zone 1
2025-05-07 14:18:58,110,0.0,Below Zone 1
2025-05-07 14:18:59,109,0.0,Below Zone 1
2025-05-07 14:19:00,108,0.0,Below Zone 1
2025-05-07 14:19:01,107,0.0,Below Zone 1
2025-05-07 14:19:03,106,0.0,Below Zone 1
2025-05-07 14:19:05,105,0.0,Below Zone 1
2025-05-07 14:19:08,104,0.0,Below Zone 1
2025-05-07 14:19:11,105,0.0,Below Zone 1
2025-05-07 14:19:13,106,0.0,Below Zone 1
2025-05-07 14:19:17,105,0.0,Below Zone 1
2025-05-07 14:19:18,106,0.0,Below Zone 1
2025-05-07 14:19:22,107,0.0,Below Zone 1
2025-05-07 14:19:24,108,0.0,Below Zone 1
2025-05-07 14:19:27,109,0.0,Below Zone 1
2025-05-07 14:19:31,110,0.0,Below Zone 1
2025-05-07 14:19:33,111,0.0,Below Zone 1
2025-05-07 14:19:35,112,0.0,Below Zone 1
2025-05-07 14:19:37,113,0.0,Below Zone 1
2025-05-07 14:19:39,114,0.0,Below Zone 1
2025-05-07 14:19:42,115,0.0,Below Zone 1
2025-05-07 14:19:44,116,0.0,Below Zone 1
2025-05-07 14:19:48,117,0.0,Below Zone 1
2025-05-07 14:19:50,118,0.0,Below Zone 1
2025-05-07 14:19:55,117,0.0,Below Zone 1
2025-05-07 14:19:57,116,0.0,Below Zone 1
2025-05-07 14:19:58,115,0.0,Below Zone 1
2025-05-07 14:20:00,114,0.0,Below Zone 1
2025-05-07 14:20:01,113,0.0,Below Zone 1
2025-05-07 14:20:03,112,0.0,Below Zone 1
2025-05-07 14:20:04,111,0.0,Below Zone 1
2025-05-07 14:20:05,110,0.0,Below Zone 1
2025-05-07 14:20:07,109,0.0,Below Zone 1
2025-05-07 14:20:08,108,0.0,Below Zone 1
2025-05-07 14:20:11,107,0.0,Below Zone 1
2025-05-07 14:20:18,108,0.0,Below Zone 1
2025-05-07 14:20:21,109,0.0,Below Zone 1
2025-05-07 14:20:22,110,0.0,Below Zone 1
2025-05-07 14:20:26,111,0.0,Below Zone 1
2025-05-07 14:20:32,110,0.0,Below Zone 1
2025-05-07 14:20:37,111,0.0,Below Zone 1
2025-05-07 14:20:39,110,0.0,Below Zone 1
2025-05-07 14:20:42,109,0.0,Below Zone 1
2025-05-07 14:20:44,108,0.0,Below Zone 1
2025-05-07 14:20:46,107,0.0,Below Zone 1
2025-05-07 14:20:47,105,0.0,Below Zone 1
2025-05-07 14:20:48,104,0.0,Below Zone 1
2025-05-07 14:20:49,102,0.0,Below Zone 1
2025-05-07 14:20:51,101,0.0,Below Zone 1
2025-05-07 14:20:52,100,0.0,Below Zone 1
2025-05-07 14:20:55,101,0.0,Below Zone 1
2025-05-07 14:20:56,100,0.0,Below Zone 1
2025-05-07 14:20:57,101,0.0,Below Zone 1
2025-05-07 14:20:59,102,0.0,Below Zone 1
2025-05-07 14:21:00,103,0.0,Below Zone 1
2025-05-07 14:21:01,104,0.0,Below Zone 1
2025-05-07 14:21:03,105,0.0,Below Zone 1
2025-05-07 14:21:06,106,0.0,Below Zone 1
2025-05-07 14:21:08,107,0.0,Below Zone 1
2025-05-07 14:21:09,108,0.0,Below Zone 1
2025-05-07 14:21:12,110,0.0,Below Zone 1
2025-05-07 14:21:13,111,0.0,Below Zone 1
2025-05-07 14:21:15,110,0.0,Below Zone 1
2025-05-07 14:21:16,108,0.0,Below Zone 1
2025-05-07 14:21:17,107,0.0,Below Zone 1
2025-05-07 14:21:18,106,0.0,Below Zone 1
2025-05-07 14:21:23,107,0.0,Below Zone 1
2025-05-07 14:21:25,108,0.0,Below Zone 1
2025-05-07 14:21:29,107,0.0,Below Zone 1
2025-05-07 14:21:30,106,0.0,Below Zone 1
2025-05-07 14:21:31,105,0.0,Below Zone 1
2025-05-07 14:21:33,106,0.0,Below Zone 1
2025-05-07 14:21:34,107,0.0,Below Zone 1
2025-05-07 14:21:35,108,0.0,Below Zone 1
2025-05-07 14:21:37,107,0.0,Below Zone 1
2025-05-07 14:21:39,106,0.0,Below Zone 1
2025-05-07 14:21:43,107,0.0,Below Zone 1
2025-05-07 14:21:44,108,0.0,Below Zone 1
2025-05-07 14:21:48,107,0.0,Below Zone 1
2025-05-07 14:21:49,106,0.0,Below Zone 1
2025-05-07 14:21:50,105,0.0,Below Zone 1
2025-05-07 14:21:56,106,0.0,Below Zone 1
2025-05-07 14:21:57,107,0.0,Below Zone 1
2025-05-07 14:21:59,108,0.0,Below Zone 1
2025-05-07 14:22:00,109,0.0,Below Zone 1
2025-05-07 14:22:01,110,0.0,Below Zone 1
2025-05-07 14:22:03,112,0.0,Below Zone 1
2025-05-07 14:22:05,113,0.0,Below Zone 1
2025-05-07 14:22:06,112,0.0,Below Zone 1
2025-05-07 14:22:07,111,0.0,Below Zone 1
2025-05-07 14:22:08,109,0.0,Below Zone 1
2025-05-07 14:22:09,106,0.0,Below Zone 1
2025-05-07 14:22:10,105,0.0,Below Zone 1
2025-05-07 14:22:11,103,0.0,Below Zone 1
2025-05-07 14:22:12,101,0.0,Below Zone 1
2025-05-07 14:22:13,99,0.0,Below Zone 1
2025-05-07 14:22:14,98,0.0,Below Zone 1
2025-05-07 14:22:21,99,0.0,Below Zone 1
2025-05-07 14:22:23,100,0.0,Below Zone 1
2025-05-07 14:22:25,101,0.0,Below Zone 1
2025-05-07 14:22:27,100,0.0,Below Zone 1
2025-05-07 14:22:28,99,0.0,Below Zone 1
2025-05-07 14:22:29,98,0.0,Below Zone 1
2025-05-07 14:22:32,99,0.0,Below Zone 1
2025-05-07 14:22:33,100,0.0,Below Zone 1
2025-05-07 14:22:41,101,0.0,Below Zone 1
2025-05-07 14:22:42,102,0.0,Below Zone 1
2025-05-07 14:22:43,101,0.0,Below Zone 1
2025-05-07 14:22:45,100,0.0,Below Zone 1
2025-05-07 14:22:46,99,0.0,Below Zone 1
2025-05-07 14:22:50,100,0.0,Below Zone 1
2025-05-07 14:22:53,101,0.0,Below Zone 1
2025-05-07 14:22:54,102,0.0,Below Zone 1
2025-05-07 14:22:56,103,0.0,Below Zone 1
2025-05-07 14:22:58,102,0.0,Below Zone 1
2025-05-07 14:23:00,103,0.0,Below Zone 1
2025-05-07 14:23:04,102,0.0,Below Zone 1
2025-05-07 14:23:08,101,0.0,Below Zone 1
2025-05-07 14:23:11,100,0.0,Below Zone 1
2025-05-07 14:23:12,101,0.0,Below Zone 1
2025-05-07 14:23:19,102,0.0,Below Zone 1
2025-05-07 14:23:21,103,0.0,Below Zone 1
2025-05-07 14:23:23,104,0.0,Below Zone 1
2025-05-07 14:23:27,104,0.0,Below Zone 1
2025-05-07 14:23:28,105,0.0,Below Zone 1
2025-05-07 14:23:29,104,0.0,Below Zone 1
2025-05-07 14:23:31,103,0.0,Below Zone 1
2025-05-07 14:23:38,104,0.0,Below Zone 1
2025-05-07 14:23:41,103,0.0,Below Zone 1
2025-05-07 14:23:43,104,0.0,Below Zone 1
2025-05-07 14:23:44,103,0.0,Below Zone 1
2025-05-07 14:23:47,104,0.0,Below Zone 1
2025-05-07 14:23:50,103,0.0,Below Zone 1
2025-05-07 14:23:53,104,0.0,Below Zone 1
2025-05-07 14:23:56,103,0.0,Below Zone 1
2025-05-07 14:23:58,104,0.0,Below Zone 1
2025-05-07 14:24:01,105,0.0,Below Zone 1
2025-05-07 14:24:05,104,0.0,Below Zone 1
2025-05-07 14:24:12,105,0.0,Below Zone 1
2025-05-07 14:24:13,104,0.0,Below Zone 1
2025-05-07 14:24:18,105,0.0,Below Zone 1
2025-05-07 14:24:19,104,0.0,Below Zone 1
2025-05-07 14:24:24,103,0.0,Below Zone 1
2025-05-07 14:24:28,104,0.0,Below Zone 1
2025-05-07 14:24:29,105,0.0,Below Zone 1
2025-05-07 14:24:35,104,0.0,Below Zone 1
2025-05-07 14:24:37,103,0.0,Below Zone 1
2025-05-07 14:24:39,102,0.0,Below Zone 1
2025-05-07 14:24:41,101,0.0,Below Zone 1
2025-05-07 14:24:42,100,0.0,Below Zone 1
2025-05-07 14:24:44,99,0.0,Below Zone 1
2025-05-07 14:24:46,98,0.0,Below Zone 1
2025-05-07 14:24:52,99,0.0,Below Zone 1
2025-05-07 14:24:54,100,0.0,Below Zone 1
2025-05-07 14:24:57,99,0.0,Below Zone 1
2025-05-07 14:25:02,100,0.0,Below Zone 1
2025-05-07 14:25:03,100,0.0,Below Zone 1
2025-05-07 14:25:05,101,0.0,Below Zone 1
2025-05-07 14:25:08,102,0.0,Below Zone 1
2025-05-07 14:25:15,101,0.0,Below Zone 1
2025-05-07 14:25:19,102,0.0,Below Zone 1
2025-05-07 14:25:24,101,0.0,Below Zone 1
2025-05-07 14:25:28,100,0.0,Below Zone 1
2025-05-07 14:25:39,101,0.0,Below Zone 1
2025-05-07 14:25:41,102,0.0,Below Zone 1
2025-05-07 14:25:44,101,0.0,Below Zone 1
2025-05-07 14:25:45,102,0.0,Below Zone 1
2025-05-07 14:25:47,101,0.0,Below Zone 1
2025-05-07 14:25:48,102,0.0,Below Zone 1
2025-05-07 14:25:54,103,0.0,Below Zone 1
2025-05-07 14:25:56,103,0.0,Below Zone 1
2025-05-07 14:25:59,104,0.0,Below Zone 1
2025-05-07 14:26:01,103,0.0,Below Zone 1
2025-05-07 14:26:09,102,0.0,Below Zone 1
2025-05-07 14:26:15,103,0.0,Below Zone 1
2025-05-07 14:26:16,102,0.0,Below Zone 1
2025-05-07 14:26:17,103,0.0,Below Zone 1
2025-05-07 14:26:18,102,0.0,Below Zone 1
2025-05-07 14:26:21,101,0.0,Below Zone 1
2025-05-07 14:26:22,102,0.0,Below Zone 1
2025-05-07 14:26:26,103,0.0,Below Zone 1
2025-05-07 14:26:30,104,0.0,Below Zone 1
2025-05-07 14:26:32,105,0.0,Below Zone 1
2025-05-07 14:26:34,104,0.0,Below Zone 1
2025-05-07 14:26:38,103,0.0,Below Zone 1
2025-05-07 14:26:40,104,0.0,Below Zone 1
2025-05-07 14:26:42,105,0.0,Below Zone 1
2025-05-07 14:26:45,106,0.0,Below Zone 1
2025-05-07 14:26:47,107,0.0,Below Zone 1
2025-05-07 14:26:49,108,0.0,Below Zone 1
2025-05-07 14:26:51,109,0.0,Below Zone 1
2025-05-07 14:26:56,110,0.0,Below Zone 1
2025-05-07 14:26:57,111,0.0,Below Zone 1
2025-05-07 14:26:59,112,0.0,Below Zone 1
2025-05-07 14:27:08,111,0.0,Below Zone 1
2025-05-07 14:27:09,110,0.0,Below Zone 1
2025-05-07 14:27:11,109,0.0,Below Zone 1
2025-05-07 14:27:14,108,0.0,Below Zone 1
2025-05-07 14:27:15,107,0.0,Below Zone 1
2025-05-07 14:27:23,106,0.0,Below Zone 1
2025-05-07 14:27:26,107,0.0,Below Zone 1
2025-05-07 14:27:34,107,0.0,Below Zone 1
2025-05-07 14:27:37,106,0.0,Below Zone 1
2025-05-07 14:27:39,107,0.0,Below Zone 1
2025-05-07 14:27:40,106,0.0,Below Zone 1
2025-05-07 14:27:43,105,0.0,Below Zone 1
2025-05-07 14:27:44,104,0.0,Below Zone 1
2025-05-07 14:27:46,103,0.0,Below Zone 1
2025-05-07 14:27:48,102,0.0,Below Zone 1
2025-05-07 14:27:51,101,0.0,Below Zone 1
2025-05-07 14:27:57,100,0.0,Below Zone 1
2025-05-07 14:27:58,101,0.0,Below Zone 1
2025-05-07 14:28:00,100,0.0,Below Zone 1
2025-05-07 14:28:01,101,0.0,Below Zone 1
2025-05-07 14:28:09,102,0.0,Below Zone 1
2025-05-07 14:28:10,101,0.0,Below Zone 1
2025-05-07 14:28:15,101,0.0,Below Zone 1
2025-05-07 14:28:16,100,0.0,Below Zone 1
2025-05-07 14:28:20,99,0.0,Below Zone 1
2025-05-07 14:28:25,98,0.0,Below Zone 1
2025-05-07 14:28:26,99,0.0,Below Zone 1
2025-05-07 14:28:29,98,0.0,Below Zone 1
2025-05-07 14:28:33,97,0.0,Below Zone 1
2025-05-07 14:28:37,98,0.0,Below Zone 1
2025-05-07 14:28:38,99,0.0,Below Zone 1
2025-05-07 14:28:39,100,0.0,Below Zone 1
2025-05-07 14:28:41,101,0.0,Below Zone 1
2025-05-07 14:28:44,102,0.0,Below Zone 1
2025-05-07 14:28:46,104,0.0,Below Zone 1
2025-05-07 14:28:47,106,0.0,Below Zone 1
2025-05-07 14:28:50,104,0.0,Below Zone 1
2025-05-07 14:28:51,103,0.0,Below Zone 1
2025-05-07 14:28:52,101,0.0,Below Zone 1
2025-05-07 14:28:53,100,0.0,Below Zone 1
2025-05-07 14:28:54,98,0.0,Below Zone 1
2025-05-07 14:28:55,96,0.0,Below Zone 1
2025-05-07 14:28:57,95,0.0,Below Zone 1
2025-05-07 14:28:59,96,0.0,Below Zone 1
2025-05-07 14:29:01,97,0.0,Below Zone 1
2025-05-07 14:29:02,98,0.0,Below Zone 1
2025-05-07 14:29:03,99,0.0,Below Zone 1
2025-05-07 14:29:04,100,0.0,Below Zone 1
2025-05-07 14:29:05,99,0.0,Below Zone 1
2025-05-07 14:29:07,98,0.0,Below Zone 1
2025-05-07 14:29:08,97,0.0,Below Zone 1
2025-05-07 14:29:09,96,0.0,Below Zone 1
2025-05-07 14:29:10,95,0.0,Below Zone 1
2025-05-07 14:29:13,96,0.0,Below Zone 1
2025-05-07 14:29:15,98,0.0,Below Zone 1
2025-05-07 14:29:16,99,0.0,Below Zone 1
2025-05-07 14:29:19,98,0.0,Below Zone 1
2025-05-07 14:29:20,97,0.0,Below Zone 1
2025-05-07 14:29:21,96,0.0,Below Zone 1
2025-05-07 14:29:22,95,0.0,Below Zone 1
2025-05-07 14:29:27,96,0.0,Below Zone 1
2025-05-07 14:29:28,97,0.0,Below Zone 1
2025-05-07 14:29:29,98,0.0,Below Zone 1
2025-05-07 14:29:30,99,0.0,Below Zone 1
2025-05-07 14:29:31,100,0.0,Below Zone 1
2025-05-07 14:29:32,102,0.0,Below Zone 1
2025-05-07 14:29:33,104,0.0,Below Zone 1
2025-05-07 14:29:35,105,0.0,Below Zone 1
2025-05-07 14:29:36,104,0.0,Below Zone 1
2025-05-07 14:29:41,103,0.0,Below Zone 1
2025-05-07 14:29:42,102,0.0,Below Zone 1
2025-05-07 14:29:43,100,0.0,Below Zone 1
2025-05-07 14:29:45,99,0.0,Below Zone 1
2025-05-07 14:29:52,98,0.0,Below Zone 1
2025-05-07 14:29:53,99,0.0,Below Zone 1
2025-05-07 14:29:58,98,0.0,Below Zone 1
2025-05-07 14:30:00,99,0.0,Below Zone 1
2025-05-07 14:30:05,98,0.0,Below Zone 1
2025-05-07 14:30:09,99,0.0,Below Zone 1
2025-05-07 14:30:16,100,0.0,Below Zone 1
2025-05-07 14:30:18,101,0.0,Below Zone 1
2025-05-07 14:30:21,103,0.0,Below Zone 1
2025-05-07 14:30:22,104,0.0,Below Zone 1
2025-05-07 14:30:23,105,0.0,Below Zone 1
2025-05-07 14:30:24,106,0.0,Below Zone 1
2025-05-07 14:30:26,107,0.0,Below Zone 1
2025-05-07 14:30:35,106,0.0,Below Zone 1
2025-05-07 14:30:36,107,0.0,Below Zone 1
2025-05-07 14:30:41,108,0.0,Below Zone 1
2025-05-07 14:30:42,107,0.0,Below Zone 1
2025-05-07 14:30:43,108,0.0,Below Zone 1
2025-05-07 14:30:44,107,0.0,Below Zone 1
2025-05-07 14:30:45,108,0.0,Below Zone 1
2025-05-07 14:30:47,107,0.0,Below Zone 1
2025-05-07 14:31:00,106,0.0,Below Zone 1
2025-05-07 14:31:01,107,0.0,Below Zone 1
2025-05-07 14:31:02,106,0.0,Below Zone 1
2025-05-07 14:31:07,105,0.0,Below Zone 1
2025-05-07 14:31:10,106,0.0,Below Zone 1
2025-05-07 14:31:15,105,0.0,Below Zone 1
2025-05-07 14:31:18,104,0.0,Below Zone 1
2025-05-07 14:31:24,103,0.0,Below Zone 1
2025-05-07 14:31:25,102,0.0,Below Zone 1
2025-05-07 14:31:29,101,0.0,Below Zone 1
2025-05-07 14:31:33,100,0.0,Below Zone 1
2025-05-07 14:31:44,101,0.0,Below Zone 1
2025-05-07 14:31:48,102,0.0,Below Zone 1
2025-05-07 14:31:50,101,0.0,Below Zone 1
2025-05-07 14:31:52,100,0.0,Below Zone 1
2025-05-07 14:31:53,101,0.0,Below Zone 1
2025-05-07 14:31:56,102,0.0,Below Zone 1
2025-05-07 14:31:58,103,0.0,Below Zone 1
2025-05-07 14:32:05,102,0.0,Below Zone 1
2025-05-07 14:32:07,101,0.0,Below Zone 1
2025-05-07 14:32:09,100,0.0,Below Zone 1
2025-05-07 14:32:10,99,0.0,Below Zone 1
2025-05-07 14:32:15,100,0.0,Below Zone 1
2025-05-07 14:32:18,99,0.0,Below Zone 1
2025-05-07 14:32:20,98,0.0,Below Zone 1
2025-05-07 14:32:27,99,0.0,Below Zone 1
2025-05-07 14:32:28,99,0.0,Below Zone 1
2025-05-07 14:32:31,98,0.0,Below Zone 1
2025-05-07 14:32:35,99,0.0,Below Zone 1
2025-05-07 14:32:36,100,0.0,Below Zone 1
2025-05-07 14:32:39,101,0.0,Below Zone 1
2025-05-07 14:32:40,102,0.0,Below Zone 1
2025-05-07 14:32:46,103,0.0,Below Zone 1
2025-05-07 14:32:47,104,0.0,Below Zone 1
2025-05-07 14:32:53,103,0.0,Below Zone 1
2025-05-07 14:32:55,102,0.0,Below Zone 1
2025-05-07 14:33:01,101,0.0,Below Zone 1
2025-05-07 14:33:06,100,0.0,Below Zone 1
2025-05-07 14:33:07,99,0.0,Below Zone 1
2025-05-07 14:33:13,100,0.0,Below Zone 1
2025-05-07 14:33:15,100,0.0,Below Zone 1
2025-05-07 14:33:20,101,0.0,Below Zone 1
2025-05-07 14:33:21,100,0.0,Below Zone 1
2025-05-07 14:33:22,101,0.0,Below Zone 1
2025-05-07 14:33:23,100,0.0,Below Zone 1
2025-05-07 14:33:26,101,0.0,Below Zone 1
2025-05-07 14:33:29,102,0.0,Below Zone 1
2025-05-07 14:33:36,103,0.0,Below Zone 1
2025-05-07 14:33:39,102,0.0,Below Zone 1
2025-05-07 14:33:41,101,0.0,Below Zone 1
2025-05-07 14:33:43,100,0.0,Below Zone 1
2025-05-07 14:33:45,101,0.0,Below Zone 1
2025-05-07 14:33:49,102,0.0,Below Zone 1
2025-05-07 14:33:50,101,0.0,Below Zone 1
2025-05-07 14:33:51,100,0.0,Below Zone 1
2025-05-07 14:33:52,99,0.0,Below Zone 1
2025-05-07 14:33:54,98,0.0,Below Zone 1
2025-05-07 14:34:00,99,0.0,Below Zone 1
2025-05-07 14:34:03,100,0.0,Below Zone 1
2025-05-07 14:34:05,101,0.0,Below Zone 1
2025-05-07 14:34:07,102,0.0,Below Zone 1
2025-05-07 14:34:08,103,0.0,Below Zone 1
2025-05-07 14:34:11,104,0.0,Below Zone 1
2025-05-07 14:34:12,105,0.0,Below Zone 1
2025-05-07 14:34:18,106,0.0,Below Zone 1
2025-05-07 14:34:21,107,0.0,Below Zone 1
2025-05-07 14:34:24,108,0.0,Below Zone 1
2025-05-07 14:34:26,109,0.0,Below Zone 1
2025-05-07 14:34:28,110,0.0,Below Zone 1
2025-05-07 14:34:29,109,0.0,Below Zone 1
2025-05-07 14:34:37,108,0.0,Below Zone 1
2025-05-07 14:34:38,107,0.0,Below Zone 1
2025-05-07 14:34:39,106,0.0,Below Zone 1
2025-05-07 14:34:40,105,0.0,Below Zone 1
2025-05-07 14:34:42,104,0.0,Below Zone 1
2025-05-07 14:34:44,103,0.0,Below Zone 1
2025-05-07 14:34:46,102,0.0,Below Zone 1
2025-05-07 14:34:56,103,0.0,Below Zone 1
2025-05-07 14:34:57,102,0.0,Below Zone 1
2025-05-07 14:35:02,101,0.0,Below Zone 1
2025-05-07 14:35:04,102,0.0,Below Zone 1
2025-05-07 14:35:06,101,0.0,Below Zone 1
2025-05-07 14:35:10,100,0.0,Below Zone 1
2025-05-07 14:35:12,101,0.0,Below Zone 1
2025-05-07 14:35:13,100,0.0,Below Zone 1
2025-05-07 14:35:14,101,0.0,Below Zone 1
2025-05-07 14:35:21,100,0.0,Below Zone 1
2025-05-07 14:35:23,99,0.0,Below Zone 1
2025-05-07 14:35:25,98,0.0,Below Zone 1
2025-05-07 14:35:33,99,0.0,Below Zone 1
2025-05-07 14:35:36,98,0.0,Below Zone 1
2025-05-07 14:35:46,97,0.0,Below Zone 1
2025-05-07 14:35:49,96,0.0,Below Zone 1
2025-05-07 14:35:50,97,0.0,Below Zone 1
2025-05-07 14:36:04,96,0.0,Below Zone 1
2025-05-07 14:36:07,95,0.0,Below Zone 1
2025-05-07 14:36:08,94,0.0,Below Zone 1
2025-05-07 14:36:09,93,0.0,Below Zone 1
2025-05-07 14:36:10,92,0.0,Below Zone 1
2025-05-07 14:36:11,90,0.0,Below Zone 1
2025-05-07 14:36:12,89,0.0,Below Zone 1
2025-05-07 14:36:14,88,0.0,Below Zone 1
2025-05-07 14:36:18,89,0.0,Below Zone 1
2025-05-07 14:36:19,88,0.0,Below Zone 1
2025-05-07 14:36:20,87,0.0,Below Zone 1
2025-05-07 14:36:21,86,0.0,Below Zone 1
2025-05-07 14:36:24,87,0.0,Below Zone 1
2025-05-07 14:36:25,88,0.0,Below Zone 1
2025-05-07 14:36:26,89,0.0,Below Zone 1
2025-05-07 14:36:28,90,0.0,Below Zone 1
2025-05-07 14:36:30,91,0.0,Below Zone 1
2025-05-07 14:36:32,92,0.0,Below Zone 1
2025-05-07 14:36:37,91,0.0,Below Zone 1
2025-05-07 14:36:40,90,0.0,Below Zone 1
2025-05-07 14:36:46,89,0.0,Below Zone 1
2025-05-07 14:36:47,90,0.0,Below Zone 1
2025-05-07 14:36:49,91,0.0,Below Zone 1
2025-05-07 14:36:51,92,0.0,Below Zone 1
2025-05-07 14:36:53,91,0.0,Below Zone 1
2025-05-07 14:36:54,90,0.0,Below Zone 1
2025-05-07 14:36:55,89,0.0,Below Zone 1
2025-05-07 14:37:00,90,0.0,Below Zone 1
2025-05-07 14:37:01,91,0.0,Below Zone 1
2025-05-07 14:37:07,90,0.0,Below Zone 1
2025-05-07 14:37:09,89,0.0,Below Zone 1
2025-05-07 14:37:13,90,0.0,Below Zone 1
2025-05-07 14:37:15,91,0.0,Below Zone 1
2025-05-07 14:37:18,90,0.0,Below Zone 1
2025-05-07 14:37:26,89,0.0,Below Zone 1
2025-05-07 14:37:27,88,0.0,Below Zone 1
2025-05-07 14:37:29,87,0.0,Below Zone 1
2025-05-07 14:37:30,86,0.0,Below Zone 1
2025-05-07 14:37:32,85,0.0,Below Zone 1
2025-05-07 14:37:35,84,0.0,Below Zone 1
2025-05-07 14:37:40,85,0.0,Below Zone 1
2025-05-07 14:37:44,86,0.0,Below Zone 1
2025-05-07 14:37:45,88,0.0,Below Zone 1
2025-05-07 14:37:46,89,0.0,Below Zone 1
2025-05-07 14:37:47,90,0.0,Below Zone 1
2025-05-07 14:37:48,92,0.0,Below Zone 1
2025-05-07 14:37:49,94,0.0,Below Zone 1
2025-05-07 14:37:50,95,0.0,Below Zone 1
2025-05-07 14:37:51,96,0.0,Below Zone 1
2025-05-07 14:37:52,97,0.0,Below Zone 1
2025-05-07 14:37:54,98,0.0,Below Zone 1
2025-05-07 14:37:58,97,0.0,Below Zone 1
2025-05-07 14:37:59,96,0.0,Below Zone 1
2025-05-07 14:38:00,95,0.0,Below Zone 1
2025-05-07 14:38:01,94,0.0,Below Zone 1
2025-05-07 14:38:02,93,0.0,Below Zone 1
2025-05-07 14:38:03,92,0.0,Below Zone 1
2025-05-07 14:38:04,90,0.0,Below Zone 1
2025-05-07 14:38:05,89,0.0,Below Zone 1
2025-05-07 14:38:06,88,0.0,Below Zone 1
2025-05-07 14:38:07,88,0.0,Below Zone 1
2025-05-07 14:38:08,87,0.0,Below Zone 1
2025-05-07 14:38:10,86,0.0,Below Zone 1
2025-05-07 14:38:12,85,0.0,Below Zone 1
2025-05-07 14:38:16,84,0.0,Below Zone 1
2025-05-07 14:38:21,85,0.0,Below Zone 1
2025-05-07 14:38:24,84,0.0,Below Zone 1
2025-05-07 14:38:29,85,0.0,Below Zone 1
2025-05-07 14:38:35,86,0.0,Below Zone 1
2025-05-07 14:38:49,85,0.0,Below Zone 1
2025-05-07 14:38:53,86,0.0,Below Zone 1
2025-05-07 14:38:55,87,0.0,Below Zone 1
2025-05-07 14:38:56,88,0.0,Below Zone 1
2025-05-07 14:38:57,89,0.0,Below Zone 1
2025-05-07 14:38:58,90,0.0,Below Zone 1
2025-05-07 14:38:59,92,0.0,Below Zone 1
2025-05-07 14:39:01,94,0.0,Below Zone 1
2025-05-07 14:39:02,96,0.0,Below Zone 1
2025-05-07 14:39:04,95,0.0,Below Zone 1
2025-05-07 14:39:06,94,0.0,Below Zone 1
2025-05-07 14:39:07,93,0.0,Below Zone 1
2025-05-07 14:39:09,92,0.0,Below Zone 1
2025-05-07 14:39:10,91,0.0,Below Zone 1
2025-05-07 14:39:11,90,0.0,Below Zone 1
2025-05-07 14:39:12,87,0.0,Below Zone 1
2025-05-07 14:39:13,86,0.0,Below Zone 1
2025-05-07 14:39:14,85,0.0,Below Zone 1
2025-05-07 14:39:15,83,0.0,Below Zone 1
2025-05-07 14:39:16,81,0.0,Below Zone 1
2025-05-07 14:39:18,80,0.0,Below Zone 1
2025-05-07 14:39:20,80,0.0,Below Zone 1
